<?xml version="1.0" encoding="UTF-8"?>
<project-private xmlns="http://www.netbeans.org/ns/project-private/1">
    <editor-bookmarks xmlns="http://www.netbeans.org/ns/editor-bookmarks/2" lastBookmarkId="0"/>
    <open-files xmlns="http://www.netbeans.org/ns/projectui-open-files/2">
        <group>
            <file>file:/C:/Users/user/Downloads/VideoJuegoHarryPotter/VideoJuegoHarryPotter/src/videojuegoharrypotter/HechizosPack/Expelliarmus.java</file>
            <file>file:/C:/Users/user/Downloads/VideoJuegoHarryPotter/VideoJuegoHarryPotter/src/videojuegoharrypotter/HechizosPack/OculusReparo.java</file>
            <file>file:/C:/Users/user/Downloads/VideoJuegoHarryPotter/VideoJuegoHarryPotter/src/videojuegoharrypotter/HechizosPack/WingardiumLeviosa.java</file>
            <file>file:/C:/Users/user/Downloads/VideoJuegoHarryPotter/VideoJuegoHarryPotter/src/videojuegoharrypotter/PersonajesPack/HarryPotter.java</file>
            <file>file:/C:/Users/user/Downloads/VideoJuegoHarryPotter/VideoJuegoHarryPotter/src/videojuegoharrypotter/PersonajesPack/RonWeasley.java</file>
            <file>file:/C:/Users/user/Downloads/VideoJuegoHarryPotter/VideoJuegoHarryPotter/src/videojuegoharrypotter/PersonajesPack/Hechicero.java</file>
            <file>file:/C:/Users/user/Downloads/VideoJuegoHarryPotter/VideoJuegoHarryPotter/src/videojuegoharrypotter/PersonajesPack/HermioneGranger.java</file>
            <file>file:/C:/Users/user/Downloads/VideoJuegoHarryPotter/VideoJuegoHarryPotter/src/videojuegoharrypotter/Main.java</file>
            <file>file:/C:/Users/user/Downloads/VideoJuegoHarryPotter/VideoJuegoHarryPotter/src/videojuegoharrypotter/HechizosPack/ExpectoPatronum.java</file>
        </group>
    </open-files>
</project-private>
